sim_time_s,P_A,P_B,P_C,recency_A,recency_B,recency_C,risk_A,risk_B,risk_C,coverage_pct
1.0,0.0500,0.0500,0.0500,0.2078,0.2078,0.0000,0.0923,0.0923,0.0300,64.6
3.0,0.0758,0.0758,0.0500,0.4432,0.4432,0.0000,0.1784,0.1784,0.0300,71.9
5.0,0.1007,0.1007,0.0468,0.6642,0.6642,0.0000,0.2597,0.2597,0.0281,82.3
7.0,0.1218,0.1218,0.0437,0.8712,0.8712,0.0000,0.3344,0.3344,0.0262,90.6
9.1,0.1343,0.1343,0.0408,0.8583,0.8562,0.0000,0.3381,0.3374,0.0245,91.0
11.1,0.1423,0.1312,0.0382,0.8382,0.8092,0.0000,0.3368,0.3215,0.0229,91.7
13.1,0.1582,0.1404,0.0366,0.8469,0.8066,0.0000,0.3490,0.3262,0.0220,91.7
15.1,0.1708,0.1541,0.0344,0.8791,0.8299,0.0000,0.3662,0.3414,0.0207,92.7
17.1,0.1831,0.1662,0.0322,0.8725,0.8718,0.0000,0.3716,0.3613,0.0193,95.3
19.1,0.1828,0.1781,0.0302,0.8408,0.8738,0.0000,0.3619,0.3690,0.0181,95.5
21.1,0.1927,0.1759,0.0286,0.8415,0.8222,0.0000,0.3681,0.3522,0.0171,95.5
23.1,0.2013,0.1759,0.0270,0.8619,0.8010,0.0000,0.3793,0.3459,0.0162,95.7
25.1,0.2090,0.1853,0.0256,0.8899,0.8171,0.0000,0.3924,0.3563,0.0154,95.8
27.1,0.2071,0.1934,0.0243,0.8467,0.8557,0.0000,0.3782,0.3727,0.0146,96.2
29.2,0.2140,0.2008,0.0232,0.8380,0.8928,0.0000,0.3798,0.3883,0.0139,96.5
31.2,0.2203,0.1993,0.0222,0.8507,0.8342,0.0000,0.3874,0.3699,0.0133,97.2
33.2,0.2263,0.1964,0.0212,0.8907,0.8024,0.0000,0.4030,0.3585,0.0127,97.2
35.2,0.2258,0.2029,0.0204,0.8329,0.8102,0.0000,0.3854,0.3648,0.0123,97.2
37.2,0.2268,0.2089,0.0196,0.8225,0.8521,0.0000,0.3829,0.3810,0.0118,97.4
39.2,0.2319,0.2147,0.0189,0.8379,0.8876,0.0000,0.3905,0.3951,0.0113,98.8
41.3,0.2366,0.2162,0.0182,0.8598,0.8531,0.0000,0.3999,0.3857,0.0109,99.5
43.3,0.2363,0.2130,0.0176,0.7978,0.8079,0.0000,0.3811,0.3702,0.0106,100.0
45.3,0.2295,0.2166,0.0171,0.7737,0.8109,0.0000,0.3698,0.3732,0.0103,100.0
47.3,0.2325,0.2213,0.0165,0.7837,0.8390,0.0000,0.3746,0.3845,0.0099,100.0
49.3,0.2366,0.2257,0.0160,0.8127,0.8817,0.0000,0.3858,0.4000,0.0096,100.0
51.3,0.2407,0.2289,0.0155,0.8402,0.8657,0.0000,0.3965,0.3970,0.0093,100.0
53.4,0.2387,0.2249,0.0150,0.8049,0.8130,0.0000,0.3847,0.3788,0.0090,100.0
55.4,0.2426,0.2245,0.0146,0.8036,0.8044,0.0000,0.3866,0.3760,0.0088,100.0
57.4,0.2463,0.2288,0.0142,0.8231,0.8200,0.0000,0.3947,0.3833,0.0085,100.0
59.4,0.2496,0.2324,0.0138,0.8724,0.8623,0.0000,0.4115,0.3981,0.0083,100.0
61.4,0.2487,0.2360,0.0134,0.8154,0.8825,0.0000,0.3938,0.4064,0.0080,100.0
63.4,0.2452,0.2344,0.0131,0.7564,0.8247,0.0000,0.3741,0.3880,0.0078,100.0
65.5,0.2423,0.2318,0.0127,0.7789,0.8006,0.0000,0.3790,0.3793,0.0076,100.0
67.5,0.2439,0.2342,0.0124,0.8197,0.7776,0.0000,0.3923,0.3738,0.0074,100.0
69.5,0.2456,0.2354,0.0121,0.8012,0.8361,0.0000,0.3877,0.3921,0.0073,100.0
71.5,0.2457,0.2385,0.0118,0.7789,0.8773,0.0000,0.3811,0.4063,0.0071,100.0
73.5,0.2484,0.2379,0.0115,0.7969,0.8202,0.0000,0.3881,0.3888,0.0069,100.0
75.5,0.2520,0.2337,0.0113,0.8586,0.7786,0.0000,0.4088,0.3738,0.0068,100.0
77.6,0.2549,0.2340,0.0111,0.8780,0.7883,0.0000,0.4163,0.3769,0.0066,100.0
79.6,0.2532,0.2368,0.0108,0.8405,0.8230,0.0000,0.4041,0.3890,0.0065,100.0
81.6,0.2559,0.2395,0.0106,0.8368,0.8720,0.0000,0.4046,0.4053,0.0064,100.0
83.6,0.2582,0.2406,0.0104,0.8678,0.8471,0.0000,0.4152,0.3985,0.0062,100.0
85.6,0.2583,0.2361,0.0102,0.8121,0.7917,0.0000,0.3986,0.3792,0.0061,100.0
87.6,0.2534,0.2350,0.0100,0.8333,0.7851,0.0000,0.4020,0.3765,0.0060,100.0
89.7,0.2549,0.2375,0.0098,0.8382,0.8147,0.0000,0.4044,0.3869,0.0059,100.0
91.7,0.2570,0.2400,0.0096,0.8563,0.8608,0.0000,0.4111,0.4022,0.0058,100.0
93.7,0.2592,0.2425,0.0094,0.8964,0.8694,0.0000,0.4244,0.4063,0.0057,100.0
95.7,0.2599,0.2405,0.0093,0.8566,0.8125,0.0000,0.4129,0.3880,0.0056,100.0
97.7,0.2599,0.2393,0.0091,0.8378,0.7973,0.0000,0.4073,0.3828,0.0055,100.0
99.7,0.2619,0.2416,0.0089,0.8478,0.8142,0.0000,0.4115,0.3892,0.0054,100.0
101.8,0.2637,0.2438,0.0088,0.8756,0.8481,0.0000,0.4209,0.4007,0.0053,100.0
103.8,0.2656,0.2459,0.0086,0.8724,0.8909,0.0000,0.4211,0.4148,0.0052,100.0
105.8,0.2640,0.2453,0.0085,0.8408,0.8381,0.0000,0.4106,0.3986,0.0051,100.0
107.8,0.2657,0.2435,0.0083,0.8415,0.8058,0.0000,0.4119,0.3878,0.0050,100.0
109.8,0.2674,0.2457,0.0082,0.8619,0.8082,0.0000,0.4190,0.3899,0.0049,100.0
111.8,0.2691,0.2477,0.0081,0.8900,0.8398,0.0000,0.4285,0.4005,0.0048,100.0
113.9,0.2677,0.2496,0.0080,0.8468,0.8907,0.0000,0.4146,0.4170,0.0048,100.0
115.9,0.2697,0.2501,0.0078,0.8422,0.8504,0.0000,0.4145,0.4052,0.0047,100.0
117.9,0.2715,0.2483,0.0077,0.8511,0.8053,0.0000,0.4182,0.3906,0.0046,100.0
119.9,0.2733,0.2495,0.0076,0.8561,0.8039,0.0000,0.4208,0.3908,0.0046,100.0
121.9,0.2714,0.2512,0.0075,0.8538,0.8371,0.0000,0.4190,0.4018,0.0045,100.0
123.9,0.2717,0.2529,0.0074,0.8230,0.8856,0.0000,0.4100,0.4174,0.0044,100.0
126.0,0.2704,0.2541,0.0073,0.7693,0.8697,0.0000,0.3930,0.4134,0.0044,100.0
128.0,0.2668,0.2518,0.0072,0.7136,0.8128,0.0000,0.3742,0.3949,0.0043,100.0
130.0,0.2655,0.2513,0.0071,0.7335,0.8049,0.0000,0.3794,0.3922,0.0043,100.0
132.0,0.2631,0.2529,0.0070,0.7584,0.8239,0.0000,0.3854,0.3989,0.0042,100.0
134.0,0.2638,0.2545,0.0069,0.8203,0.8646,0.0000,0.4044,0.4121,0.0041,100.0
136.0,0.2656,0.2553,0.0068,0.8635,0.8248,0.0000,0.4184,0.4006,0.0041,100.0
138.0,0.2671,0.2521,0.0067,0.8757,0.8089,0.0000,0.4230,0.3939,0.0040,100.0
140.0,0.2659,0.2500,0.0066,0.8369,0.8012,0.0000,0.4106,0.3904,0.0040,100.0
142.0,0.2673,0.2510,0.0066,0.8322,0.8124,0.0000,0.4100,0.3944,0.0039,100.0
144.0,0.2686,0.2525,0.0065,0.8534,0.8468,0.0000,0.4172,0.4055,0.0039,100.0
146.0,0.2699,0.2536,0.0064,0.9015,0.8248,0.0000,0.4324,0.3996,0.0038,100.0
148.0,0.2700,0.2509,0.0063,0.8523,0.7696,0.0000,0.4177,0.3814,0.0038,100.0
150.0,0.2706,0.2481,0.0063,0.8374,0.7180,0.0000,0.4136,0.3643,0.0038,100.0
152.0,0.2719,0.2476,0.0062,0.8504,0.7661,0.0000,0.4182,0.3784,0.0037,100.0
154.0,0.2731,0.2490,0.0061,0.8859,0.7958,0.0000,0.4296,0.3881,0.0037,100.0
156.0,0.2729,0.2504,0.0060,0.8268,0.8453,0.0000,0.4118,0.4038,0.0036,100.0
158.0,0.2704,0.2515,0.0060,0.7991,0.8318,0.0000,0.4020,0.4004,0.0036,100.0
160.0,0.2711,0.2496,0.0059,0.7948,0.7817,0.0000,0.4011,0.3843,0.0035,100.0
162.0,0.2722,0.2492,0.0058,0.8366,0.7760,0.0000,0.4143,0.3823,0.0035,100.0
164.0,0.2734,0.2506,0.0058,0.8505,0.7972,0.0000,0.4191,0.3895,0.0035,100.0
166.0,0.2723,0.2518,0.0057,0.8135,0.8399,0.0000,0.4074,0.4031,0.0034,100.0
168.0,0.2734,0.2532,0.0056,0.8105,0.8835,0.0000,0.4072,0.4170,0.0034,100.0
170.0,0.2745,0.2524,0.0056,0.8335,0.8298,0.0000,0.4147,0.4004,0.0033,100.0
172.0,0.2755,0.2511,0.0055,0.9019,0.8042,0.0000,0.4359,0.3919,0.0033,100.0
174.0,0.2753,0.2525,0.0055,0.8527,0.8149,0.0000,0.4210,0.3960,0.0033,100.0
176.0,0.2755,0.2537,0.0054,0.8375,0.8489,0.0000,0.4166,0.4069,0.0032,100.0
178.0,0.2765,0.2549,0.0053,0.8502,0.9015,0.0000,0.4210,0.4234,0.0032,100.0
180.0,0.2775,0.2548,0.0053,0.8855,0.8469,0.0000,0.4321,0.4070,0.0032,100.0
182.0,0.2781,0.2531,0.0052,0.8648,0.8064,0.0000,0.4263,0.3938,0.0031,100.0
184.0,0.2775,0.2535,0.0052,0.8390,0.8084,0.0000,0.4182,0.3946,0.0031,100.0
186.0,0.2784,0.2547,0.0051,0.8433,0.8355,0.0000,0.4200,0.4034,0.0031,100.0
188.0,0.2793,0.2558,0.0051,0.8718,0.8825,0.0000,0.4291,0.4182,0.0030,100.0
190.0,0.2802,0.2566,0.0050,0.8815,0.8652,0.0000,0.4326,0.4135,0.0030,100.0
192.0,0.2793,0.2550,0.0050,0.8225,0.8128,0.0000,0.4143,0.3969,0.0030,100.0
194.0,0.2785,0.2546,0.0049,0.8167,0.8049,0.0000,0.4121,0.3942,0.0030,100.0
196.0,0.2793,0.2557,0.0049,0.8390,0.8239,0.0000,0.4193,0.4006,0.0029,100.0
198.0,0.2802,0.2568,0.0048,0.8822,0.8646,0.0000,0.4328,0.4135,0.0029,100.0
200.0,0.2799,0.2579,0.0048,0.8343,0.8830,0.0000,0.4182,0.4196,0.0029,100.0
202.0,0.2801,0.2571,0.0047,0.8206,0.8295,0.0000,0.4142,0.4031,0.0028,100.0
204.0,0.2809,0.2559,0.0047,0.8347,0.8039,0.0000,0.4190,0.3947,0.0028,100.0
206.0,0.2817,0.2570,0.0046,0.8826,0.8149,0.0000,0.4338,0.3987,0.0028,100.0
208.0,0.2823,0.2580,0.0046,0.8652,0.8492,0.0000,0.4289,0.4095,0.0028,100.0
210.0,0.2817,0.2590,0.0046,0.8391,0.9019,0.0000,0.4207,0.4260,0.0027,100.0
212.0,0.2825,0.2590,0.0045,0.8432,0.8473,0.0000,0.4224,0.4096,0.0027,100.0
214.0,0.2832,0.2575,0.0045,0.8715,0.8067,0.0000,0.4314,0.3965,0.0027,100.0
216.0,0.2840,0.2578,0.0045,0.8830,0.8085,0.0000,0.4353,0.3972,0.0027,100.0
218.0,0.2831,0.2588,0.0044,0.8439,0.8353,0.0000,0.4230,0.4059,0.0026,100.0
220.0,0.2839,0.2597,0.0044,0.8389,0.8822,0.0000,0.4220,0.4205,0.0026,100.0
222.0,0.2846,0.2604,0.0043,0.8600,0.8648,0.0000,0.4287,0.4156,0.0026,100.0
224.0,0.2848,0.2594,0.0043,0.8030,0.8124,0.0000,0.4118,0.3993,0.0026,100.0
226.0,0.2828,0.2594,0.0043,0.8045,0.8047,0.0000,0.4110,0.3971,0.0026,100.0
228.0,0.2825,0.2603,0.0043,0.8200,0.8240,0.0000,0.4155,0.4034,0.0026,100.0
230.0,0.2832,0.2613,0.0042,0.8339,0.8649,0.0000,0.4201,0.4162,0.0025,100.0
232.0,0.2839,0.2622,0.0042,0.8703,0.8835,0.0000,0.4315,0.4224,0.0025,100.0
234.0,0.2844,0.2615,0.0042,0.8506,0.8299,0.0000,0.4258,0.4059,0.0025,100.0
236.0,0.2838,0.2602,0.0041,0.8257,0.7905,0.0000,0.4180,0.3932,0.0025,100.0
238.0,0.2845,0.2602,0.0041,0.8310,0.8015,0.0000,0.4200,0.3965,0.0025,100.0
240.0,0.2851,0.2613,0.0041,0.8603,0.8363,0.0000,0.4292,0.4077,0.0024,100.0
242.0,0.2859,0.2624,0.0040,0.8824,0.8898,0.0000,0.4362,0.4244,0.0024,100.0
244.0,0.2850,0.2626,0.0040,0.8441,0.8360,0.0000,0.4242,0.4083,0.0024,100.0
246.0,0.2858,0.2615,0.0040,0.8389,0.7962,0.0000,0.4231,0.3957,0.0024,100.0
248.0,0.2864,0.2617,0.0040,0.8597,0.7989,0.0000,0.4298,0.3967,0.0024,100.0
250.0,0.2870,0.2625,0.0039,0.9015,0.8266,0.0000,0.4427,0.4055,0.0024,100.0
252.0,0.2868,0.2633,0.0039,0.8523,0.8819,0.0000,0.4278,0.4225,0.0023,100.0
254.0,0.2868,0.2639,0.0039,0.8374,0.8652,0.0000,0.4233,0.4179,0.0023,100.0
256.0,0.2875,0.2626,0.0038,0.8504,0.8128,0.0000,0.4276,0.4014,0.0023,100.0
258.0,0.2881,0.2623,0.0038,0.8872,0.8061,0.0000,0.4390,0.3992,0.0023,100.0
260.0,0.2885,0.2631,0.0038,0.8679,0.8263,0.0000,0.4335,0.4058,0.0023,100.0
262.0,0.2879,0.2639,0.0038,0.8429,0.8684,0.0000,0.4256,0.4188,0.0023,100.0
264.1,0.2885,0.2646,0.0037,0.8428,0.8826,0.0000,0.4260,0.4235,0.0022,100.0
266.1,0.2891,0.2639,0.0037,0.8724,0.8303,0.0000,0.4352,0.4075,0.0022,100.0
268.1,0.2897,0.2629,0.0037,0.8853,0.8059,0.0000,0.4394,0.3995,0.0022,100.0
270.1,0.2889,0.2637,0.0037,0.8418,0.8130,0.0000,0.4259,0.4021,0.0022,100.0
272.1,0.2895,0.2645,0.0036,0.8381,0.8483,0.0000,0.4251,0.4132,0.0022,100.0
274.1,0.2901,0.2652,0.0036,0.8604,0.8477,0.0000,0.4322,0.4134,0.0022,100.0
276.2,0.2906,0.2644,0.0036,0.8979,0.7864,0.0000,0.4438,0.3946,0.0022,100.0
278.2,0.2901,0.2632,0.0036,0.8501,0.7895,0.0000,0.4291,0.3948,0.0021,100.0
280.2,0.2905,0.2638,0.0035,0.8362,0.8073,0.0000,0.4252,0.4005,0.0021,100.0
282.2,0.2910,0.2645,0.0035,0.8576,0.8447,0.0000,0.4319,0.4121,0.0021,100.0
284.2,0.2915,0.2652,0.0035,0.8977,0.8961,0.0000,0.4442,0.4279,0.0021,100.0
286.2,0.2916,0.2653,0.0035,0.8616,0.8616,0.0000,0.4334,0.4177,0.0021,100.0
288.3,0.2913,0.2641,0.0034,0.8373,0.8107,0.0000,0.4260,0.4017,0.0021,100.0
290.3,0.2918,0.2640,0.0034,0.8490,0.8086,0.0000,0.4298,0.4010,0.0021,100.0
292.3,0.2923,0.2647,0.0034,0.8825,0.8331,0.0000,0.4402,0.4088,0.0020,100.0
294.3,0.2929,0.2655,0.0034,0.8784,0.8446,0.0000,0.4393,0.4127,0.0020,100.0
296.3,0.2921,0.2656,0.0034,0.8420,0.8193,0.0000,0.4279,0.4051,0.0020,100.0
298.3,0.2927,0.2641,0.0033,0.8428,0.7658,0.0000,0.4284,0.3882,0.0020,100.0
300.4,0.2932,0.2631,0.0033,0.8688,0.7432,0.0000,0.4365,0.3809,0.0020,100.0
302.4,0.2937,0.2635,0.0033,0.8914,0.7585,0.0000,0.4436,0.3857,0.0020,100.0
304.4,0.2932,0.2644,0.0033,0.8480,0.8010,0.0000,0.4303,0.3989,0.0020,100.0
306.4,0.2934,0.2653,0.0033,0.8394,0.8419,0.0000,0.4279,0.4117,0.0020,100.0
308.4,0.2939,0.2651,0.0033,0.8523,0.7871,0.0000,0.4320,0.3952,0.0020,100.0
310.4,0.2944,0.2642,0.0033,0.8924,0.7583,0.0000,0.4443,0.3860,0.0020,100.0
312.5,0.2944,0.2648,0.0032,0.8583,0.7690,0.0000,0.4341,0.3896,0.0019,100.0
314.5,0.2942,0.2657,0.0032,0.8391,0.8037,0.0000,0.4283,0.4005,0.0019,100.0
316.5,0.2947,0.2663,0.0032,0.8435,0.8167,0.0000,0.4298,0.4048,0.0019,100.0
318.5,0.2951,0.2656,0.0032,0.8765,0.7635,0.0000,0.4400,0.3884,0.0019,100.0
320.5,0.2953,0.2642,0.0032,0.8734,0.7136,0.0000,0.4392,0.3726,0.0019,100.0
322.5,0.2948,0.2638,0.0032,0.8427,0.7200,0.0000,0.4297,0.3743,0.0019,100.0
324.6,0.2953,0.2644,0.0031,0.8375,0.7400,0.0000,0.4284,0.3807,0.0019,100.0
326.6,0.2958,0.2652,0.0031,0.8635,0.7906,0.0000,0.4365,0.3963,0.0019,100.0
328.6,0.2962,0.2658,0.0031,0.8850,0.7924,0.0000,0.4432,0.3972,0.0019,100.0
330.6,0.2955,0.2649,0.0031,0.8475,0.7461,0.0000,0.4315,0.3828,0.0019,100.0
332.6,0.2960,0.2648,0.0031,0.8341,0.7353,0.0000,0.4278,0.3795,0.0019,100.0
334.6,0.2964,0.2656,0.0031,0.8601,0.7640,0.0000,0.4359,0.3886,0.0018,100.0
336.7,0.2969,0.2664,0.0031,0.9033,0.7934,0.0000,0.4491,0.3979,0.0018,100.0
338.7,0.2966,0.2667,0.0031,0.8552,0.7784,0.0000,0.4345,0.3935,0.0018,100.0
340.7,0.2966,0.2659,0.0030,0.8337,0.7275,0.0000,0.4281,0.3778,0.0018,100.0
342.7,0.2970,0.2644,0.0030,0.8504,0.7681,0.0000,0.4333,0.3891,0.0018,100.0
344.7,0.2974,0.2649,0.0030,0.8872,0.7824,0.0000,0.4446,0.3936,0.0018,100.0
346.7,0.2977,0.2654,0.0030,0.8653,0.8199,0.0000,0.4382,0.4052,0.0018,100.0
348.8,0.2972,0.2660,0.0030,0.8375,0.8705,0.0000,0.4296,0.4208,0.0018,100.0
350.8,0.2976,0.2659,0.0030,0.8428,0.8192,0.0000,0.4314,0.4053,0.0018,100.0
352.8,0.2980,0.2649,0.0029,0.8724,0.7816,0.0000,0.4405,0.3934,0.0018,100.0
354.8,0.2984,0.2650,0.0029,0.8793,0.7816,0.0000,0.4429,0.3935,0.0018,100.0
356.8,0.2975,0.2655,0.0029,0.8418,0.8113,0.0000,0.4310,0.4027,0.0017,100.0
358.8,0.2979,0.2661,0.0029,0.8381,0.8610,0.0000,0.4302,0.4180,0.0017,100.0
360.9,0.2983,0.2664,0.0029,0.8691,0.8598,0.0000,0.4397,0.4178,0.0017,100.0
362.9,0.2987,0.2654,0.0029,0.8979,0.8091,0.0000,0.4486,0.4020,0.0017,100.0
364.9,0.2983,0.2655,0.0028,0.8501,0.8025,0.0000,0.4340,0.4000,0.0017,100.0
366.9,0.2985,0.2661,0.0028,0.8362,0.8227,0.0000,0.4300,0.4065,0.0017,100.0
368.9,0.2989,0.2666,0.0028,0.8576,0.8761,0.0000,0.4366,0.4228,0.0017,100.0
370.9,0.2992,0.2672,0.0028,0.8977,0.8784,0.0000,0.4489,0.4238,0.0017,100.0
372.9,0.2992,0.2664,0.0028,0.8616,0.8264,0.0000,0.4380,0.4078,0.0017,100.0
375.0,0.2990,0.2659,0.0028,0.8390,0.8051,0.0000,0.4311,0.4011,0.0017,100.0
377.0,0.2993,0.2664,0.0028,0.8490,0.8216,0.0000,0.4343,0.4063,0.0017,100.0
379.0,0.2997,0.2670,0.0027,0.8825,0.8606,0.0000,0.4446,0.4184,0.0016,100.0
381.0,0.3001,0.2673,0.0027,0.8718,0.8370,0.0000,0.4416,0.4115,0.0016,100.0
383.0,0.2995,0.2665,0.0027,0.8420,0.7823,0.0000,0.4323,0.3946,0.0016,100.0
385.0,0.2999,0.2656,0.0027,0.8428,0.8070,0.0000,0.4327,0.4015,0.0016,100.0
387.1,0.3002,0.2661,0.0027,0.8632,0.8094,0.0000,0.4391,0.4025,0.0016,100.0
389.1,0.3006,0.2665,0.0027,0.8914,0.8410,0.0000,0.4478,0.4122,0.0016,100.0
391.1,0.3001,0.2672,0.0027,0.8480,0.8921,0.0000,0.4345,0.4280,0.0016,100.0
393.1,0.3003,0.2675,0.0027,0.8394,0.8576,0.0000,0.4320,0.4178,0.0016,100.0
395.1,0.3007,0.2668,0.0027,0.8523,0.8065,0.0000,0.4361,0.4020,0.0016,100.0
397.1,0.3010,0.2668,0.0027,0.8924,0.8050,0.0000,0.4483,0.4016,0.0016,100.0
399.2,0.3008,0.2674,0.0026,0.8583,0.8295,0.0000,0.4380,0.4093,0.0016,100.0
401.2,0.3008,0.2678,0.0026,0.8416,0.8692,0.0000,0.4329,0.4215,0.0016,100.0
403.2,0.3011,0.2683,0.0026,0.8435,0.8711,0.0000,0.4337,0.4223,0.0016,100.0
405.2,0.3014,0.2674,0.0026,0.8765,0.8196,0.0000,0.4438,0.4064,0.0016,100.0
407.2,0.3016,0.2673,0.0026,0.8675,0.8072,0.0000,0.4412,0.4025,0.0016,100.0
409.2,0.3012,0.2678,0.0026,0.8427,0.8276,0.0000,0.4335,0.4090,0.0015,100.0
411.3,0.3015,0.2683,0.0026,0.8375,0.8531,0.0000,0.4321,0.4169,0.0015,100.0
413.3,0.3018,0.2689,0.0026,0.8727,0.8839,0.0000,0.4429,0.4265,0.0015,100.0
415.3,0.3022,0.2686,0.0025,0.8850,0.8316,0.0000,0.4468,0.4106,0.0015,100.0
417.3,0.3016,0.2681,0.0025,0.8475,0.8071,0.0000,0.4352,0.4030,0.0015,100.0
419.3,0.3019,0.2687,0.0025,0.8341,0.8078,0.0000,0.4314,0.4036,0.0015,100.0
421.3,0.3023,0.2693,0.0025,0.8601,0.8496,0.0000,0.4394,0.4165,0.0015,100.0
423.4,0.3026,0.2698,0.0025,0.9033,0.8492,0.0000,0.4525,0.4166,0.0015,100.0
425.4,0.3023,0.2692,0.0025,0.8552,0.7937,0.0000,0.4380,0.3996,0.0015,100.0
427.4,0.3023,0.2684,0.0025,0.8362,0.7906,0.0000,0.4322,0.3982,0.0015,100.0
429.4,0.3026,0.2686,0.0025,0.8504,0.8081,0.0000,0.4367,0.4036,0.0015,100.0
431.4,0.3029,0.2690,0.0025,0.8872,0.8361,0.0000,0.4479,0.4122,0.0015,100.0
433.4,0.3031,0.2695,0.0025,0.8621,0.8787,0.0000,0.4405,0.4253,0.0015,100.0
435.5,0.3027,0.2699,0.0025,0.8375,0.8626,0.0000,0.4329,0.4207,0.0015,100.0
437.5,0.3030,0.2692,0.0024,0.8428,0.8117,0.0000,0.4346,0.4050,0.0015,100.0
439.5,0.3033,0.2692,0.0024,0.8822,0.8095,0.0000,0.4466,0.4044,0.0015,100.0
441.5,0.3036,0.2697,0.0024,0.8793,0.8205,0.0000,0.4460,0.4080,0.0015,100.0
443.5,0.3030,0.2703,0.0024,0.8418,0.8457,0.0000,0.4344,0.4159,0.0015,100.0
445.5,0.3033,0.2705,0.0024,0.8381,0.8445,0.0000,0.4334,0.4156,0.0015,100.0
447.6,0.3036,0.2694,0.0024,0.8691,0.7834,0.0000,0.4429,0.3967,0.0014,100.0
449.6,0.3039,0.2689,0.0024,0.8979,0.7579,0.0000,0.4517,0.3887,0.0014,100.0
451.6,0.3036,0.2693,0.0024,0.8501,0.7721,0.0000,0.4372,0.3932,0.0014,100.0
453.6,0.3037,0.2698,0.0024,0.8395,0.8207,0.0000,0.4341,0.4081,0.0014,100.0
455.6,0.3040,0.2704,0.0024,0.8576,0.8605,0.0000,0.4397,0.4204,0.0014,100.0
457.6,0.3043,0.2702,0.0024,0.8977,0.8097,0.0000,0.4519,0.4050,0.0014,100.0
459.7,0.3042,0.2695,0.0024,0.8579,0.7743,0.0000,0.4399,0.3940,0.0014,100.0
461.7,0.3040,0.2698,0.0024,0.8390,0.7841,0.0000,0.4341,0.3971,0.0014,100.0
463.7,0.3043,0.2704,0.0024,0.8490,0.8180,0.0000,0.4373,0.4076,0.0014,100.0
465.7,0.3046,0.2707,0.0024,0.8769,0.8483,0.0000,0.4458,0.4169,0.0014,100.0
467.7,0.3049,0.2706,0.0023,0.8718,0.7934,0.0000,0.4445,0.4004,0.0014,100.0
469.7,0.3043,0.2695,0.0023,0.8420,0.7415,0.0000,0.4352,0.3842,0.0014,100.0
471.8,0.3046,0.2692,0.0023,0.8428,0.7463,0.0000,0.4356,0.3854,0.0014,100.0
473.8,0.3049,0.2696,0.0023,0.8632,0.7697,0.0000,0.4419,0.3927,0.0014,100.0
475.8,0.3052,0.2701,0.0023,0.8914,0.8185,0.0000,0.4505,0.4076,0.0014,100.0
477.8,0.3046,0.2704,0.0023,0.8480,0.8240,0.0000,0.4372,0.4094,0.0014,100.0
479.8,0.3049,0.2697,0.0023,0.8341,0.7704,0.0000,0.4332,0.3930,0.0014,100.0
481.8,0.3052,0.2696,0.0023,0.8523,0.7580,0.0000,0.4388,0.3891,0.0014,100.0
483.9,0.3055,0.2701,0.0023,0.8924,0.7772,0.0000,0.4510,0.3952,0.0014,100.0
485.9,0.3053,0.2706,0.0023,0.8556,0.8134,0.0000,0.4398,0.4064,0.0014,100.0
487.9,0.3052,0.2709,0.0023,0.8416,0.8153,0.0000,0.4356,0.4071,0.0014,100.0
489.9,0.3055,0.2705,0.0023,0.8435,0.7620,0.0000,0.4363,0.3909,0.0014,100.0
491.9,0.3058,0.2695,0.0023,0.8868,0.7322,0.0000,0.4495,0.3813,0.0014,100.0
493.9,0.3059,0.2697,0.0023,0.8675,0.7482,0.0000,0.4438,0.3863,0.0014,100.0
496.0,0.3055,0.2702,0.0023,0.8427,0.7881,0.0000,0.4361,0.3985,0.0014,100.0
498.0,0.3058,0.2706,0.0023,0.8375,0.8277,0.0000,0.4347,0.4107,0.0014,100.0
500.0,0.3060,0.2706,0.0022,0.8727,0.7917,0.0000,0.4454,0.3999,0.0013,100.0
502.0,0.3063,0.2700,0.0022,0.8850,0.7560,0.0000,0.4493,0.3888,0.0013,100.0
504.0,0.3058,0.2702,0.0022,0.8475,0.7627,0.0000,0.4377,0.3909,0.0013,100.0
506.0,0.3060,0.2706,0.0022,0.8381,0.7892,0.0000,0.4351,0.3991,0.0013,100.0
508.1,0.3063,0.2711,0.0022,0.8601,0.8232,0.0000,0.4418,0.4096,0.0013,100.0
510.1,0.3066,0.2711,0.0022,0.9033,0.7886,0.0000,0.4549,0.3993,0.0013,100.0
512.1,0.3063,0.2702,0.0022,0.8498,0.7316,0.0000,0.4387,0.3816,0.0013,100.0
514.1,0.3063,0.2697,0.0022,0.8362,0.7271,0.0000,0.4346,0.3800,0.0013,100.0
516.1,0.3065,0.2701,0.0022,0.8504,0.7523,0.0000,0.4390,0.3877,0.0013,100.0
518.1,0.3068,0.2705,0.0022,0.8815,0.8110,0.0000,0.4485,0.4056,0.0013,100.0
520.2,0.3068,0.2710,0.0022,0.8621,0.8177,0.0000,0.4427,0.4079,0.0013,100.0
522.2,0.3066,0.2705,0.0022,0.8375,0.7697,0.0000,0.4352,0.3932,0.0013,100.0
524.2,0.3068,0.2702,0.0022,0.8428,0.7493,0.0000,0.4369,0.3869,0.0013,100.0
526.2,0.3070,0.2707,0.0022,0.8822,0.7725,0.0000,0.4489,0.3942,0.0013,100.0
528.2,0.3073,0.2711,0.0022,0.8793,0.7988,0.0000,0.4482,0.4023,0.0013,100.0
530.2,0.3068,0.2715,0.0022,0.8418,0.8190,0.0000,0.4366,0.4086,0.0013,100.0
532.3,0.3070,0.2710,0.0022,0.8428,0.7598,0.0000,0.4371,0.3906,0.0013,100.0
534.3,0.3073,0.2701,0.0022,0.8691,0.7275,0.0000,0.4451,0.3803,0.0013,100.0
536.3,0.3075,0.2702,0.0021,0.8979,0.7282,0.0000,0.4539,0.3806,0.0013,100.0
538.3,0.3072,0.2706,0.0021,0.8484,0.7711,0.0000,0.4388,0.3937,0.0013,100.0
540.3,0.3073,0.2710,0.0021,0.8395,0.8269,0.0000,0.4362,0.4107,0.0013,100.0
542.3,0.3075,0.2712,0.0021,0.8576,0.7967,0.0000,0.4418,0.4017,0.0013,100.0
544.4,0.3078,0.2706,0.0021,0.8919,0.7500,0.0000,0.4522,0.3873,0.0013,100.0
546.4,0.3077,0.2706,0.0021,0.8579,0.7523,0.0000,0.4420,0.3881,0.0013,100.0
548.4,0.3075,0.2710,0.0021,0.8390,0.7803,0.0000,0.4362,0.3967,0.0013,100.0
550.4,0.3077,0.2715,0.0021,0.8490,0.8120,0.0000,0.4393,0.4065,0.0013,100.0
552.4,0.3080,0.2716,0.0021,0.8769,0.7904,0.0000,0.4478,0.4001,0.0013,100.0
554.4,0.3082,0.2708,0.0021,0.8718,0.7387,0.0000,0.4465,0.3841,0.0013,100.0
556.5,0.3077,0.2703,0.0021,0.8420,0.7242,0.0000,0.4372,0.3795,0.0013,100.0
558.5,0.3080,0.2707,0.0021,0.8374,0.7408,0.0000,0.4360,0.3846,0.0013,100.0
560.5,0.3082,0.2711,0.0021,0.8632,0.7842,0.0000,0.4439,0.3979,0.0013,100.0
562.5,0.3084,0.2715,0.0021,0.8914,0.8257,0.0000,0.4525,0.4106,0.0013,100.0
564.5,0.3079,0.2712,0.0021,0.8472,0.7720,0.0000,0.4389,0.3943,0.0012,100.0
566.5,0.3082,0.2708,0.0021,0.8341,0.7443,0.0000,0.4351,0.3858,0.0012,100.0
568.6,0.3084,0.2712,0.0021,0.8523,0.7558,0.0000,0.4407,0.3895,0.0012,100.0
570.6,0.3086,0.2716,0.0021,0.9037,0.8015,0.0000,0.4563,0.4034,0.0012,100.0
572.6,0.3084,0.2719,0.0021,0.8556,0.8229,0.0000,0.4417,0.4100,0.0012,100.0
574.6,0.3084,0.2717,0.0021,0.8416,0.7691,0.0000,0.4375,0.3937,0.0012,100.0
576.6,0.3086,0.2708,0.0021,0.8435,0.7294,0.0000,0.4382,0.3813,0.0012,100.0
578.6,0.3088,0.2707,0.0021,0.8868,0.7309,0.0000,0.4513,0.3817,0.0012,100.0
580.7,0.3089,0.2710,0.0020,0.8675,0.7641,0.0000,0.4456,0.3918,0.0012,100.0
582.7,0.3086,0.2714,0.0020,0.8427,0.8173,0.0000,0.4379,0.4080,0.0012,100.0
584.7,0.3088,0.2716,0.0020,0.8429,0.8005,0.0000,0.4381,0.4031,0.0012,100.0
586.7,0.3090,0.2711,0.0020,0.8727,0.7536,0.0000,0.4472,0.3887,0.0012,100.0
588.7,0.3092,0.2710,0.0020,0.8850,0.7509,0.0000,0.4510,0.3878,0.0012,100.0
590.7,0.3088,0.2714,0.0020,0.8421,0.7703,0.0000,0.4379,0.3939,0.0012,100.0
592.8,0.3090,0.2718,0.0020,0.8381,0.7989,0.0000,0.4368,0.4027,0.0012,100.0
594.8,0.3092,0.2721,0.0020,0.8601,0.8010,0.0000,0.4436,0.4035,0.0012,100.0
596.8,0.3094,0.2717,0.0020,0.8975,0.7431,0.0000,0.4549,0.3859,0.0012,100.0
598.8,0.3091,0.2713,0.0020,0.8498,0.7201,0.0000,0.4404,0.3788,0.0012,100.0
